{"stats":{"minecraft:killed":{"minecraft:cat":2,"minecraft:horse":1,"minecraft:skeleton":1,"minecraft:zombie":5,"minecraft:pig":7,"minecraft:chicken":1,"minecraft:rabbit":1,"minecraft:spider":7,"minecraft:iron_golem":2,"minecraft:villager":15,"minecraft:cow":3,"minecraft:sheep":8},"minecraft:used":{"minecraft:lava_bucket":2,"wom:herrscher":7,"wom:netherite_chains":1,"wom:diamond_staff":25,"minecraft:rotten_flesh":5,"wom:antitheus":11,"minecraft:anvil":3,"wom:satsujin":75,"wom:agony":2,"minecraft:spruce_log":11,"minecraft:cooked_mutton":2},"minecraft:picked_up":{"wom:herrscher":1,"minecraft:feather":1,"minecraft:cooked_porkchop":7,"minecraft:water_bucket":2,"minecraft:leather":1,"minecraft:cooked_rabbit":1,"minecraft:porkchop":2,"minecraft:pointed_dripstone":2,"minecraft:spider_eye":5,"minecraft:dirt":38,"minecraft:string":9,"minecraft:cooked_mutton":4,"minecraft:bone":1,"minecraft:arrow":2,"minecraft:rotten_flesh":4,"minecraft:iron_ingot":11,"minecraft:poppy":2,"minecraft:mutton":6,"minecraft:piston":2,"wom:satsujin":4,"minecraft:white_wool":11},"minecraft:custom":{"minecraft:sprint_one_cm":203276,"minecraft:damage_taken":280,"minecraft:walk_one_cm":485230,"minecraft:mob_kills":56,"minecraft:interact_with_anvil":2,"minecraft:drop":25,"minecraft:damage_dealt":6456,"minecraft:interact_with_beacon":1,"minecraft:swim_one_cm":13551,"minecraft:damage_dealt_absorbed":1105,"minecraft:fly_one_cm":2093010,"minecraft:talked_to_villager":14,"minecraft:open_chest":1,"minecraft:play_time":111796,"minecraft:crouch_one_cm":15423,"minecraft:deaths":1,"minecraft:sneak_time":4068,"minecraft:walk_under_water_one_cm":13175,"minecraft:jump":767,"minecraft:leave_game":13,"minecraft:time_since_death":60851,"minecraft:walk_on_water_one_cm":6415,"minecraft:total_world_time":111796,"minecraft:time_since_rest":60868},"minecraft:dropped":{"minecraft:lava_bucket":1,"twilightforest:ice_sword":1,"minecraft:water_bucket":2,"minecraft:iron_ingot":6,"minecraft:dirt":19,"wom:agony":1,"minecraft:piston":3,"minecraft:mutton":1,"wom:herrscher":1,"wom:satsujin":5,"wom:antitheus":1,"minecraft:rotten_flesh":1,"minecraft:white_wool":4,"minecraft:bone":1,"wom:diamond_staff":1}},"DataVersion":3465}