{"stats":{"minecraft:dropped":{"minecraft:rotten_flesh":1,"minecraft:piston":1},"minecraft:picked_up":{"minecraft:rotten_flesh":1,"minecraft:piston":1},"minecraft:custom":{"minecraft:jump":426,"minecraft:time_since_rest":46221,"minecraft:crouch_one_cm":744,"minecraft:leave_game":8,"minecraft:play_time":46221,"minecraft:sprint_one_cm":38088,"minecraft:time_since_death":46221,"minecraft:walk_on_water_one_cm":1859,"minecraft:walk_one_cm":40237,"minecraft:total_world_time":46221,"minecraft:sneak_time":1126,"minecraft:walk_under_water_one_cm":610,"minecraft:swim_one_cm":761,"minecraft:drop":2,"minecraft:fly_one_cm":795699},"minecraft:used":{"minecraft:rotten_flesh":5,"minecraft:spruce_log":11}},"DataVersion":3465}