{"stats":{"minecraft:used":{"wom:agony":53,"simplyswords:gold_claymore":3,"minecraft:dirt":1,"cataclysm:coral_spear":17,"alexsmobs:animal_dictionary":1,"minecraft:white_bed":1,"minecraft:orange_terracotta":2},"minecraft:picked_up":{"wom:agony":2,"minecraft:seagrass":1,"minecraft:feather":2,"minecraft:prismarine_shard":2,"minecraft:porkchop":2,"minecraft:gunpowder":2,"cataclysm:coral_spear":1,"alexsmobs:animal_dictionary":1,"minecraft:bone":2,"minecraft:arrow":4,"minecraft:rotten_flesh":2,"minecraft:tropical_fish":1},"minecraft:killed":{"minecraft:skeleton":4,"minecraft:piglin":2,"minecraft:zombie":1,"minecraft:pig":1,"creeperoverhaul:beach_creeper":1,"alexsmobs:crow":1,"alexsmobs:seagull":2,"minecraft:creeper":1},"minecraft:custom":{"minecraft:time_since_rest":35444,"minecraft:sprint_one_cm":224985,"minecraft:walk_one_cm":244598,"minecraft:mob_kills":13,"minecraft:drop":6,"minecraft:damage_dealt":3619,"minecraft:swim_one_cm":31899,"minecraft:fly_one_cm":2942414,"minecraft:open_chest":4,"minecraft:crouch_one_cm":335,"minecraft:play_time":76034,"minecraft:sneak_time":471,"minecraft:walk_under_water_one_cm":89176,"minecraft:jump":610,"minecraft:leave_game":5,"minecraft:walk_on_water_one_cm":9082,"minecraft:time_since_death":76034,"minecraft:sleep_in_bed":1,"minecraft:climb_one_cm":601,"minecraft:total_world_time":76034},"minecraft:dropped":{"wom:agony":3,"alexsmobs:animal_dictionary":1,"minecraft:tropical_fish":1,"cataclysm:coral_spear":1}},"DataVersion":3465}