{"stats":{"minecraft:mined":{"realmrpg_skeletons:swimmer_skeleton":2,"valhelsia_structures:light_gray_sleeping_bag":3,"minecraft:brown_concrete":4,"minecraft:mossy_cobblestone":2,"regions_unexplored:magnolia_log":4,"minecraft:ladder":1,"gravestone:gravestone":7,"minecraft:spruce_fence":1,"minecraft:grass_block":5,"minecraft:coal_block":4,"minecraft:moss_block":1,"minecraft:spawner":3,"valhelsia_structures:brown_sleeping_bag":1,"minecraft:hay_block":38,"minecraft:raw_iron_block":4,"valhelsia_structures:cracked_big_glazed_jar":1,"minecraft:green_terracotta":2,"minecraft:brown_bed":6,"realmrpg_skeletons:rookie_skeleton":1,"regions_unexplored:medium_grass":2,"minecraft:stone":109,"minecraft:orange_bed":1,"minecraft:pink_terracotta":1,"minecraft:gray_terracotta":10,"minecraft:glass_pane":2,"minecraft:deepslate_brick_wall":1,"minecraft:smoker":1,"minecraft:crafting_table":1,"minecraft:torch":5,"minecraft:blast_furnace":2,"minecraft:oak_wood":1,"minecraft:sponge":2,"minecraft:polished_andesite_stairs":1,"minecraft:chest":1,"minecraft:mushroom_stem":13,"minecraft:cobblestone":20,"minecraft:damaged_anvil":1,"minecraft:diorite":6,"realmrpg_skeletons:bow_skeleton":1,"minecraft:birch_leaves":2,"minecraft:stripped_oak_wood":1,"minecraft:tnt":6,"regions_unexplored:sandy_grass":2,"minecraft:grass":7,"minecraft:coal_ore":28,"minecraft:gravel":10,"minecraft:dirt":6,"minecraft:cobweb":45,"minecraft:brown_terracotta":4,"minecraft:cracked_stone_bricks":1,"minecraft:raw_copper_block":2,"minecraft:stone_bricks":1,"minecraft:chipped_anvil":1,"minecraft:oak_leaves":11,"regions_unexplored:fireweed":1},"minecraft:broken":{"simplyswords:gold_claymore":1},"minecraft:picked_up":{"minecraft:seagrass":1,"minecraft:crafting_table":1,"minecraft:prismarine_shard":4,"regions_unexplored:magnolia_log":4,"minecraft:leather_leggings":1,"minecraft:brown_bed":6,"minecraft:potion":2,"minecraft:stone_brick_stairs":3,"gravestone:obituary":4,"minecraft:string":59,"regions_unexplored:poppy_bush":4,"minecraft:iron_axe":1,"minecraft:cracked_stone_bricks":5,"minecraft:gold_nugget":1,"minecraft:spruce_planks":1,"minecraft:rose_bush":1,"minecraft:light_gray_wool":5,"minecraft:chest":1,"minecraft:coal_block":4,"valhelsia_structures:light_gray_sleeping_bag":3,"ecologics:crab_claw":5,"minecraft:raw_copper_block":2,"minecraft:egg":1,"minecraft:stick":6,"minecraft:raw_iron":3,"minecraft:music_disc_blocks":2,"minecraft:deepslate_brick_wall":1,"ecologics:coconut_slice":10,"minecraft:brown_terracotta":4,"minecraft:torch":69,"minecraft:brick_wall":1,"wom:diamond_armbracelet":2,"epicfight:skillbook":6,"minecraft:porkchop":2,"minecraft:diorite":6,"minecraft:redstone":2,"valhelsia_structures:explorers_tent":1,"minecraft:green_terracotta":2,"minecraft:pink_terracotta":1,"minecraft:dark_oak_planks":36,"minecraft:orange_bed":1,"minecraft:arrow":13,"minecraft:rotten_flesh":70,"minecraft:tropical_fish":1,"minecraft:hay_block":38,"minecraft:yellow_terracotta":1,"minecraft:gold_ingot":2,"minecraft:music_disc_wait":2,"alexsmobs:flying_fish":2,"minecraft:cobblestone":124,"minecraft:sponge":2,"travelersbackpack:iron_golem":4,"minecraft:feather":5,"ecologics:coconut_planks":2,"minecraft:smoker":4,"minecraft:birch_planks":5,"paraglider:spirit_orb":8,"minecraft:brown_concrete":4,"minecraft:oak_log":4,"minecraft:gunpowder":15,"cataclysm:coral_spear":1,"minecraft:dirt":47,"minecraft:lantern":1,"minecraft:white_banner":2,"minecraft:bone":19,"minecraft:chipped_anvil":1,"minecraft:stone_bricks":4,"minecraft:bow":1,"minecraft:gray_terracotta":10,"minecraft:wheat_seeds":1,"minecraft:iron_ingot":2,"minecraft:stone_pickaxe":2,"minecraft:stripped_oak_wood":1,"minecraft:glass_bottle":2,"minecraft:moss_block":1,"regions_unexplored:orange_maple_leaf_pile":4,"minecraft:book":3,"wom:agony":2,"minecraft:cooked_porkchop":2,"waystones:mossy_waystone":1,"minecraft:raw_iron_block":4,"minecraft:gravel":5,"ecologics:coconut_husk":2,"minecraft:blast_furnace":2,"minecraft:spider_eye":4,"alexsmobs:animal_dictionary":1,"minecraft:mossy_cobblestone":2,"minecraft:oak_wood":1,"minecraft:sugar":1,"minecraft:slime_ball":2,"regions_unexplored:fireweed":1,"minecraft:stone_axe":1,"waystones:waystone":3,"minecraft:golden_apple":1,"minecraft:bread":1,"minecraft:oak_sapling":1,"minecraft:damaged_anvil":1,"minecraft:bricks":1,"minecraft:coal":24},"minecraft:dropped":{"minecraft:iron_ingot":24,"minecraft:iron_sword":1,"wom:diamond_armbracelet":1,"minecraft:prismarine_shard":2,"minecraft:feather":2,"minecraft:cobblestone":64,"ecologics:crab_claw":1,"minecraft:cracked_stone_bricks":4,"minecraft:tropical_fish":1,"minecraft:coal_block":13,"minecraft:dirt":39,"minecraft:rose_bush":2,"gravestone:obituary":13,"minecraft:gold_nugget":1,"minecraft:white_banner":2,"regions_unexplored:poppy_bush":4,"minecraft:iron_pickaxe":1,"minecraft:string":1,"minecraft:dark_oak_planks":36,"minecraft:bucket":1,"minecraft:gold_ingot":1,"minecraft:bone":6,"minecraft:gravel":5,"wom:agony":3,"epicfight:uchigatana":1,"alexsmobs:animal_dictionary":1,"minecraft:wheat":1,"minecraft:rotten_flesh":53,"minecraft:smoker":3,"minecraft:iron_hoe":1,"minecraft:shears":1,"minecraft:gunpowder":1,"travelersbackpack:iron_golem":1,"minecraft:leather_boots":1,"ecologics:coconut_husk":10,"minecraft:leather_leggings":2,"minecraft:spider_eye":1,"minecraft:slime_ball":1,"cataclysm:coral_spear":1},"minecraft:crafted":{"minecraft:oak_planks":20,"simplyswords:iron_sai":2,"minecraft:coal":36,"minecraft:furnace":1,"minecraft:iron_axe":1,"minecraft:iron_hoe":1,"minecraft:dark_oak_planks":48,"regions_unexplored:magnolia_planks":12,"minecraft:wheat":338,"ecologics:crab_meat":4,"minecraft:crafting_table":2,"minecraft:bucket":1,"minecraft:bread":91,"minecraft:air":0,"minecraft:gold_nugget":9,"minecraft:shield":1,"minecraft:stick":32,"minecraft:gold_ingot":1,"minecraft:torch":12,"minecraft:shears":1},"minecraft:used":{"minecraft:moss_block":1,"simplyswords:diamond_glaive":9,"minecraft:spruce_planks":1,"minecraft:shield":16,"minecraft:brown_concrete":4,"minecraft:iron_sword":159,"valhelsia_structures:light_gray_sleeping_bag":3,"minecraft:cooked_chicken":3,"ecologics:coconut_planks":2,"minecraft:rotten_flesh":12,"simpletomb:grave_key":10,"minecraft:orange_bed":1,"minecraft:torch":37,"simplyswords:gold_claymore":35,"minecraft:dirt":3,"ecologics:crab_meat":3,"minecraft:pink_terracotta":1,"regions_unexplored:magnolia_log":1,"minecraft:milk_bucket":1,"minecraft:brown_terracotta":2,"wom:agony":53,"minecraft:dark_oak_planks":11,"wom:diamond_armbracelet":2,"minecraft:iron_axe":2,"valhelsia_structures:explorers_tent":1,"minecraft:music_disc_wait":1,"minecraft:totem_of_undying":1,"minecraft:stone_brick_stairs":3,"minecraft:bow":1,"minecraft:oak_sapling":1,"minecraft:furnace":1,"cataclysm:coral_spear":17,"minecraft:egg":1,"minecraft:orange_terracotta":2,"minecraft:brown_bed":6,"minecraft:beetroot_soup":1,"minecraft:deepslate_brick_wall":1,"minecraft:water_bucket":2,"epicfight:skillbook":17,"minecraft:leather_leggings":1,"minecraft:damaged_anvil":1,"minecraft:oak_planks":8,"travelersbackpack:iron_golem":3,"minecraft:golden_apple":1,"minecraft:cracked_stone_bricks":1,"minecraft:mossy_cobblestone":2,"minecraft:crafting_table":3,"minecraft:white_bed":1,"alexsmobs:flying_fish":2,"waystones:waystone":1,"minecraft:gray_terracotta":3,"minecraft:dark_oak_log":2,"minecraft:bread":88,"waystones:mossy_waystone":1,"minecraft:iron_pickaxe":241,"minecraft:music_disc_blocks":2,"simplyswords:iron_sai":1,"ecologics:coconut_slice":10,"minecraft:cobblestone":38,"minecraft:potion":1,"minecraft:stripped_oak_wood":1,"minecraft:cooked_porkchop":3,"minecraft:bucket":6,"alexsmobs:animal_dictionary":4,"epicfight:uchigatana":257,"minecraft:experience_bottle":3},"minecraft:custom":{"minecraft:interact_with_anvil":4,"minecraft:mob_kills":131,"minecraft:interact_with_crafting_table":17,"minecraft:open_barrel":70,"minecraft:eat_cake_slice":2,"minecraft:leave_game":13,"minecraft:time_since_death":42680,"minecraft:climb_one_cm":21806,"minecraft:sprint_one_cm":1748492,"minecraft:walk_one_cm":2576885,"minecraft:damage_blocked_by_shield":1406,"minecraft:drop":70,"minecraft:damage_dealt_absorbed":1463,"minecraft:play_time":427013,"minecraft:deaths":7,"minecraft:sneak_time":4224,"minecraft:walk_under_water_one_cm":190068,"minecraft:boat_one_cm":79857,"minecraft:jump":3968,"minecraft:walk_on_water_one_cm":90310,"minecraft:total_world_time":427013,"minecraft:interact_with_furnace":11,"minecraft:play_record":3,"minecraft:tune_noteblock":7,"minecraft:raid_trigger":1,"minecraft:sleep_in_bed":22,"minecraft:time_since_rest":21133,"minecraft:waystone_activated":10,"minecraft:damage_taken":5933,"minecraft:damage_absorbed":53,"minecraft:damage_dealt":27931,"minecraft:swim_one_cm":377830,"minecraft:fly_one_cm":4001204,"minecraft:open_chest":91,"minecraft:crouch_one_cm":32759,"minecraft:interact_with_smoker":7,"minecraft:fall_one_cm":72401},"minecraft:killed_by":{"minecraft:piglin":1,"cataclysm:deepling_brute":1,"minecraft:zombie":2},"minecraft:killed":{"minecraft:witch":13,"creeperoverhaul:beach_creeper":1,"minecraft:spider":10,"naturalist:robin":1,"alexsmobs:seagull":2,"minecraft:skeleton":14,"ecologics:coconut_crab":5,"spawn:ant":2,"alexsmobs:flying_fish":2,"minecraft:piglin":3,"minecraft:pig":1,"minecraft:creeper":3,"minecraft:pillager":23,"minecraft:zombie":46,"alexsmobs:terrapin":1,"alexsmobs:crow":2}},"DataVersion":3465}