{"stats":{"minecraft:picked_up":{"minecraft:seagrass":1,"minecraft:bone":2,"minecraft:feather":2,"minecraft:arrow":4,"minecraft:rotten_flesh":2,"minecraft:prismarine_shard":2,"minecraft:tropical_fish":1,"minecraft:porkchop":2,"cataclysm:coral_spear":1,"alexsmobs:animal_dictionary":1},"minecraft:dropped":{"alexsmobs:animal_dictionary":1,"minecraft:tropical_fish":1,"cataclysm:coral_spear":1},"minecraft:killed":{"minecraft:skeleton":3,"minecraft:piglin":2,"minecraft:zombie":1,"minecraft:pig":1,"alexsmobs:seagull":2,"creeperoverhaul:beach_creeper":1},"minecraft:used":{"wom:agony":31,"simplyswords:gold_claymore":3,"minecraft:dirt":1,"cataclysm:coral_spear":17,"minecraft:white_bed":1,"alexsmobs:animal_dictionary":1,"minecraft:orange_terracotta":2},"minecraft:custom":{"minecraft:time_since_rest":20417,"minecraft:open_chest":4,"minecraft:crouch_one_cm":335,"minecraft:sprint_one_cm":138303,"minecraft:play_time":61007,"minecraft:walk_one_cm":199126,"minecraft:sneak_time":467,"minecraft:walk_under_water_one_cm":75457,"minecraft:mob_kills":10,"minecraft:drop":3,"minecraft:jump":407,"minecraft:damage_dealt":2662,"minecraft:leave_game":3,"minecraft:walk_on_water_one_cm":8013,"minecraft:time_since_death":61007,"minecraft:sleep_in_bed":1,"minecraft:climb_one_cm":273,"minecraft:total_world_time":61007,"minecraft:swim_one_cm":31799,"minecraft:fly_one_cm":2366727}},"DataVersion":3465}