{"stats":{"minecraft:picked_up":{"minecraft:feather":1,"minecraft:cooked_porkchop":7,"minecraft:water_bucket":1,"minecraft:leather":1,"minecraft:cooked_rabbit":1,"minecraft:porkchop":2,"minecraft:pointed_dripstone":2,"minecraft:string":9,"minecraft:spider_eye":5,"minecraft:dirt":38,"minecraft:cooked_mutton":1,"minecraft:arrow":2,"minecraft:bone":1,"minecraft:rotten_flesh":4,"minecraft:iron_ingot":11,"minecraft:poppy":2,"wom:herrscher":1,"minecraft:mutton":6,"minecraft:piston":2,"wom:satsujin":2,"minecraft:white_wool":9},"minecraft:custom":{"minecraft:time_since_rest":47324,"minecraft:sprint_one_cm":177445,"minecraft:damage_taken":280,"minecraft:walk_one_cm":445289,"minecraft:interact_with_anvil":2,"minecraft:mob_kills":51,"minecraft:drop":21,"minecraft:damage_dealt":6061,"minecraft:interact_with_beacon":1,"minecraft:damage_dealt_absorbed":997,"minecraft:swim_one_cm":13551,"minecraft:talked_to_villager":1,"minecraft:fly_one_cm":1737068,"minecraft:crouch_one_cm":14909,"minecraft:play_time":98252,"minecraft:deaths":1,"minecraft:sneak_time":4025,"minecraft:walk_under_water_one_cm":13175,"minecraft:jump":728,"minecraft:leave_game":11,"minecraft:walk_on_water_one_cm":5888,"minecraft:time_since_death":47307,"minecraft:total_world_time":98252},"minecraft:used":{"wom:agony":2,"minecraft:lava_bucket":2,"wom:herrscher":7,"wom:netherite_chains":1,"wom:diamond_staff":25,"minecraft:rotten_flesh":5,"minecraft:anvil":3,"wom:antitheus":11,"minecraft:cooked_mutton":2,"minecraft:spruce_log":11,"wom:satsujin":69},"minecraft:dropped":{"minecraft:lava_bucket":1,"twilightforest:ice_sword":1,"minecraft:water_bucket":1,"minecraft:iron_ingot":6,"minecraft:dirt":19,"wom:agony":1,"minecraft:piston":3,"minecraft:mutton":1,"wom:herrscher":1,"wom:satsujin":2,"wom:antitheus":1,"minecraft:rotten_flesh":1,"minecraft:white_wool":4,"minecraft:bone":1,"wom:diamond_staff":1},"minecraft:killed":{"minecraft:horse":1,"minecraft:skeleton":1,"minecraft:zombie":5,"minecraft:pig":7,"minecraft:chicken":1,"minecraft:rabbit":1,"minecraft:spider":7,"minecraft:iron_golem":2,"minecraft:villager":14,"minecraft:cat":2,"minecraft:cow":3,"minecraft:sheep":6}},"DataVersion":3465}