{"stats":{"minecraft:killed":{"minecraft:cat":2,"minecraft:skeleton":1,"minecraft:zombie":5,"minecraft:pig":7,"minecraft:chicken":1,"minecraft:rabbit":1,"minecraft:spider":7,"minecraft:iron_golem":3,"minecraft:villager":15,"minecraft:cow":3,"minecraft:horse":1,"minecraft:sheep":8},"minecraft:custom":{"minecraft:sprint_one_cm":207328,"minecraft:damage_taken":280,"minecraft:walk_one_cm":503205,"minecraft:interact_with_anvil":2,"minecraft:mob_kills":57,"minecraft:drop":35,"minecraft:damage_dealt":6981,"minecraft:interact_with_beacon":1,"minecraft:damage_dealt_absorbed":1105,"minecraft:swim_one_cm":13992,"minecraft:fly_one_cm":2435347,"minecraft:talked_to_villager":14,"minecraft:open_chest":1,"minecraft:play_time":133144,"minecraft:crouch_one_cm":15448,"minecraft:deaths":1,"minecraft:sneak_time":4091,"minecraft:walk_under_water_one_cm":19649,"minecraft:jump":794,"minecraft:leave_game":17,"minecraft:time_since_death":82199,"minecraft:walk_on_water_one_cm":22146,"minecraft:total_world_time":133144,"minecraft:climb_one_cm":191,"minecraft:waystone_activated":1,"minecraft:time_since_rest":82216},"minecraft:used":{"minecraft:lava_bucket":2,"wom:herrscher":7,"wom:netherite_chains":1,"wom:diamond_staff":25,"minecraft:rotten_flesh":5,"wom:antitheus":11,"minecraft:anvil":3,"wom:satsujin":75,"wom:agony":13,"minecraft:spruce_log":11,"minecraft:cooked_mutton":2},"minecraft:dropped":{"twilightforest:ice_sword":1,"minecraft:water_bucket":2,"minecraft:lava_bucket":1,"hpm:cannonball":1,"minecraft:iron_ingot":6,"minecraft:dirt":19,"wom:agony":1,"minecraft:piston":3,"simplyswords:empowered_remnant":1,"hpm:smallhull":2,"simplyswords:waking_lichblade":1,"minecraft:mutton":1,"wom:herrscher":2,"wom:satsujin":5,"wom:antitheus":1,"realmrpg_skeletons:acrobat_skeleton":1,"wom:gesetz":1,"minecraft:rotten_flesh":1,"simplyswords:brimstone_claymore":1,"minecraft:poppy":3,"minecraft:white_wool":4,"simplyswords:netherite_scythe":1,"minecraft:bone":1,"wom:diamond_staff":1},"minecraft:picked_up":{"wom:herrscher":1,"minecraft:feather":1,"minecraft:cooked_porkchop":7,"minecraft:water_bucket":2,"minecraft:leather":1,"minecraft:cooked_rabbit":1,"minecraft:porkchop":2,"minecraft:pointed_dripstone":2,"minecraft:spider_eye":5,"minecraft:string":9,"minecraft:dirt":38,"minecraft:cooked_mutton":4,"minecraft:arrow":2,"minecraft:bone":1,"minecraft:rotten_flesh":4,"minecraft:tropical_fish":1,"minecraft:iron_ingot":16,"minecraft:bone_meal":2,"minecraft:poppy":3,"minecraft:mutton":6,"minecraft:piston":2,"wom:satsujin":4,"minecraft:white_wool":11}},"DataVersion":3465}