{"stats":{"minecraft:used":{"minecraft:moss_block":1,"minecraft:spruce_planks":1,"minecraft:shield":8,"minecraft:brown_concrete":4,"minecraft:iron_sword":30,"minecraft:rotten_flesh":4,"minecraft:orange_bed":1,"minecraft:torch":17,"simplyswords:gold_claymore":35,"minecraft:dirt":3,"minecraft:pink_terracotta":1,"regions_unexplored:magnolia_log":1,"wom:agony":53,"minecraft:brown_terracotta":2,"minecraft:iron_axe":2,"valhelsia_structures:explorers_tent":1,"minecraft:music_disc_wait":1,"minecraft:stone_brick_stairs":3,"minecraft:bow":1,"minecraft:oak_sapling":1,"cataclysm:coral_spear":17,"minecraft:orange_terracotta":2,"minecraft:brown_bed":3,"epicfight:skillbook":7,"minecraft:leather_leggings":1,"minecraft:oak_planks":8,"travelersbackpack:iron_golem":2,"minecraft:cracked_stone_bricks":1,"minecraft:mossy_cobblestone":2,"minecraft:crafting_table":2,"minecraft:white_bed":1,"alexsmobs:flying_fish":2,"minecraft:gray_terracotta":3,"minecraft:bread":38,"minecraft:iron_pickaxe":206,"minecraft:music_disc_blocks":2,"minecraft:cobblestone":33,"minecraft:stripped_oak_wood":1,"alexsmobs:animal_dictionary":4,"epicfight:uchigatana":110},"minecraft:broken":{"simplyswords:gold_claymore":1},"minecraft:crafted":{"minecraft:oak_planks":20,"minecraft:coal":36,"minecraft:iron_axe":1,"regions_unexplored:magnolia_planks":12,"minecraft:wheat":338,"minecraft:crafting_table":2,"minecraft:bread":91,"minecraft:gold_nugget":9,"minecraft:shield":1,"minecraft:stick":12,"minecraft:gold_ingot":1,"minecraft:torch":12},"minecraft:killed":{"creeperoverhaul:beach_creeper":1,"minecraft:spider":2,"naturalist:robin":1,"alexsmobs:seagull":2,"minecraft:skeleton":10,"spawn:ant":2,"alexsmobs:flying_fish":2,"minecraft:piglin":3,"minecraft:pig":1,"minecraft:creeper":2,"minecraft:pillager":5,"minecraft:zombie":31,"alexsmobs:terrapin":1,"alexsmobs:crow":2},"minecraft:dropped":{"minecraft:iron_sword":1,"minecraft:prismarine_shard":2,"minecraft:feather":2,"minecraft:cobblestone":64,"minecraft:cracked_stone_bricks":4,"minecraft:tropical_fish":1,"minecraft:dirt":37,"gravestone:obituary":7,"minecraft:gold_nugget":1,"minecraft:white_banner":1,"regions_unexplored:poppy_bush":4,"minecraft:string":1,"minecraft:gold_ingot":1,"minecraft:bone":6,"minecraft:gravel":5,"wom:agony":3,"epicfight:uchigatana":1,"alexsmobs:animal_dictionary":1,"minecraft:wheat":1,"minecraft:smoker":3,"travelersbackpack:iron_golem":1,"minecraft:leather_boots":1,"minecraft:leather_leggings":2,"minecraft:spider_eye":1,"minecraft:slime_ball":1,"cataclysm:coral_spear":1},"minecraft:custom":{"minecraft:mob_kills":67,"minecraft:interact_with_anvil":2,"minecraft:interact_with_crafting_table":6,"minecraft:open_barrel":7,"minecraft:leave_game":9,"minecraft:time_since_death":1804,"minecraft:climb_one_cm":12712,"minecraft:sprint_one_cm":906028,"minecraft:walk_one_cm":1314924,"minecraft:damage_blocked_by_shield":1166,"minecraft:drop":40,"minecraft:damage_dealt_absorbed":531,"minecraft:play_time":235845,"minecraft:deaths":6,"minecraft:sneak_time":3150,"minecraft:walk_under_water_one_cm":150663,"minecraft:boat_one_cm":79857,"minecraft:jump":2766,"minecraft:walk_on_water_one_cm":64021,"minecraft:total_world_time":235845,"minecraft:interact_with_furnace":1,"minecraft:play_record":3,"minecraft:tune_noteblock":7,"minecraft:raid_trigger":1,"minecraft:sleep_in_bed":7,"minecraft:time_since_rest":1883,"minecraft:waystone_activated":7,"minecraft:damage_taken":2807,"minecraft:damage_dealt":13623,"minecraft:swim_one_cm":241925,"minecraft:fly_one_cm":3645318,"minecraft:open_chest":44,"minecraft:crouch_one_cm":14663,"minecraft:interact_with_smoker":2,"minecraft:fall_one_cm":52173},"minecraft:mined":{"realmrpg_skeletons:swimmer_skeleton":2,"minecraft:brown_concrete":4,"minecraft:mossy_cobblestone":2,"regions_unexplored:magnolia_log":4,"gravestone:gravestone":3,"minecraft:ladder":1,"minecraft:grass_block":2,"minecraft:coal_block":4,"minecraft:moss_block":1,"minecraft:spawner":3,"minecraft:hay_block":38,"minecraft:raw_iron_block":4,"minecraft:green_terracotta":2,"minecraft:brown_bed":4,"realmrpg_skeletons:rookie_skeleton":1,"regions_unexplored:medium_grass":2,"minecraft:stone":108,"minecraft:orange_bed":1,"minecraft:pink_terracotta":1,"minecraft:gray_terracotta":10,"minecraft:smoker":1,"minecraft:crafting_table":1,"minecraft:torch":5,"minecraft:oak_wood":1,"minecraft:sponge":2,"minecraft:polished_andesite_stairs":1,"minecraft:chest":1,"minecraft:mushroom_stem":13,"minecraft:cobblestone":9,"minecraft:damaged_anvil":1,"minecraft:diorite":6,"realmrpg_skeletons:bow_skeleton":1,"minecraft:stripped_oak_wood":1,"regions_unexplored:sandy_grass":2,"minecraft:grass":6,"minecraft:coal_ore":16,"minecraft:dirt":4,"minecraft:brown_terracotta":4,"minecraft:cracked_stone_bricks":1,"minecraft:raw_copper_block":2,"minecraft:stone_bricks":1,"minecraft:chipped_anvil":1,"minecraft:oak_leaves":9,"regions_unexplored:fireweed":1},"minecraft:killed_by":{"minecraft:piglin":1,"minecraft:zombie":2},"minecraft:picked_up":{"minecraft:seagrass":1,"minecraft:crafting_table":1,"minecraft:leather_leggings":1,"minecraft:prismarine_shard":4,"regions_unexplored:magnolia_log":4,"minecraft:brown_bed":4,"minecraft:stone_brick_stairs":3,"gravestone:obituary":2,"regions_unexplored:poppy_bush":4,"minecraft:string":1,"minecraft:cracked_stone_bricks":5,"minecraft:gold_nugget":1,"minecraft:spruce_planks":1,"minecraft:coal_block":4,"minecraft:chest":1,"minecraft:raw_copper_block":2,"minecraft:stick":2,"minecraft:music_disc_blocks":2,"minecraft:brown_terracotta":4,"minecraft:torch":5,"epicfight:skillbook":4,"minecraft:porkchop":2,"minecraft:diorite":6,"valhelsia_structures:explorers_tent":1,"minecraft:green_terracotta":2,"minecraft:pink_terracotta":1,"minecraft:orange_bed":1,"minecraft:arrow":9,"minecraft:rotten_flesh":47,"minecraft:tropical_fish":1,"minecraft:hay_block":38,"minecraft:yellow_terracotta":1,"minecraft:gold_ingot":2,"minecraft:music_disc_wait":2,"minecraft:cobblestone":114,"alexsmobs:flying_fish":2,"minecraft:sponge":2,"travelersbackpack:iron_golem":2,"minecraft:feather":5,"minecraft:smoker":4,"paraglider:spirit_orb":6,"minecraft:brown_concrete":4,"minecraft:oak_log":4,"minecraft:gunpowder":10,"cataclysm:coral_spear":1,"minecraft:dirt":41,"minecraft:white_banner":1,"minecraft:chipped_anvil":1,"minecraft:bone":15,"minecraft:stone_bricks":4,"minecraft:gray_terracotta":10,"minecraft:bow":1,"minecraft:wheat_seeds":1,"minecraft:iron_ingot":2,"minecraft:stone_pickaxe":2,"minecraft:stripped_oak_wood":1,"minecraft:moss_block":1,"regions_unexplored:orange_maple_leaf_pile":4,"wom:agony":2,"minecraft:raw_iron_block":4,"minecraft:gravel":5,"minecraft:spider_eye":1,"alexsmobs:animal_dictionary":1,"minecraft:mossy_cobblestone":2,"minecraft:oak_wood":1,"minecraft:slime_ball":2,"regions_unexplored:fireweed":1,"minecraft:stone_axe":1,"minecraft:oak_sapling":1,"minecraft:damaged_anvil":1,"minecraft:coal":12}},"DataVersion":3465}