{"stats":{"minecraft:custom":{"minecraft:jump":431,"minecraft:time_since_rest":48878,"minecraft:crouch_one_cm":994,"minecraft:leave_game":9,"minecraft:play_time":48878,"minecraft:sprint_one_cm":38088,"minecraft:time_since_death":48878,"minecraft:walk_on_water_one_cm":2115,"minecraft:walk_one_cm":44709,"minecraft:total_world_time":48878,"minecraft:sneak_time":1155,"minecraft:walk_under_water_one_cm":610,"minecraft:swim_one_cm":761,"minecraft:drop":4,"minecraft:fly_one_cm":892731},"minecraft:picked_up":{"minecraft:rotten_flesh":1,"minecraft:piston":2},"minecraft:used":{"minecraft:rotten_flesh":5,"minecraft:spruce_log":11},"minecraft:dropped":{"minecraft:rotten_flesh":1,"minecraft:piston":3}},"DataVersion":3465}