{"stats":{"minecraft:custom":{"minecraft:mob_kills":57,"minecraft:interact_with_anvil":2,"minecraft:leave_game":23,"minecraft:time_since_death":89491,"minecraft:climb_one_cm":191,"minecraft:time_since_rest":89508,"minecraft:waystone_activated":1,"minecraft:sprint_one_cm":215452,"minecraft:damage_taken":280,"minecraft:walk_one_cm":512885,"minecraft:drop":38,"minecraft:damage_dealt":6981,"minecraft:interact_with_beacon":1,"minecraft:damage_dealt_absorbed":1105,"minecraft:swim_one_cm":13992,"minecraft:talked_to_villager":14,"minecraft:fly_one_cm":2521236,"minecraft:open_chest":1,"minecraft:crouch_one_cm":15448,"minecraft:play_time":140436,"minecraft:deaths":1,"minecraft:sneak_time":4091,"minecraft:walk_under_water_one_cm":19649,"minecraft:jump":814,"minecraft:walk_on_water_one_cm":22146,"minecraft:total_world_time":140436},"minecraft:used":{"minecraft:cooked_mutton":2,"wom:satsujin":75,"wom:herrscher":7,"wom:netherite_chains":1,"minecraft:rotten_flesh":5,"minecraft:anvil":3,"minecraft:spruce_log":11,"wom:agony":13,"minecraft:lava_bucket":2,"wom:diamond_staff":25,"wom:antitheus":11},"minecraft:picked_up":{"minecraft:feather":1,"minecraft:water_bucket":2,"minecraft:leather":1,"minecraft:cooked_rabbit":1,"minecraft:dirt":38,"minecraft:string":9,"wom:antitheus":1,"minecraft:cooked_mutton":4,"minecraft:bone":1,"minecraft:iron_ingot":16,"minecraft:poppy":3,"minecraft:piston":2,"wom:herrscher":1,"minecraft:cooked_porkchop":7,"minecraft:porkchop":2,"minecraft:pointed_dripstone":2,"minecraft:spider_eye":5,"minecraft:arrow":2,"minecraft:rotten_flesh":4,"minecraft:tropical_fish":1,"minecraft:bone_meal":2,"minecraft:mutton":6,"wom:satsujin":4,"minecraft:white_wool":11},"minecraft:dropped":{"minecraft:water_bucket":2,"minecraft:iron_ingot":6,"wom:agony":1,"minecraft:piston":3,"simplyswords:waking_lichblade":1,"wom:herrscher":2,"wom:satsujin":5,"minecraft:rotten_flesh":1,"simplyswords:brimstone_claymore":1,"minecraft:cooked_mutton":1,"wom:diamond_staff":1,"twilightforest:ice_sword":1,"minecraft:lava_bucket":1,"hpm:cannonball":1,"minecraft:poppy":3,"minecraft:dirt":19,"simplyswords:empowered_remnant":1,"hpm:smallhull":2,"minecraft:mutton":1,"wom:antitheus":3,"wom:gesetz":1,"realmrpg_skeletons:acrobat_skeleton":1,"minecraft:white_wool":4,"simplyswords:netherite_scythe":1,"minecraft:bone":1},"minecraft:killed":{"minecraft:cat":2,"minecraft:pig":7,"minecraft:rabbit":1,"minecraft:spider":7,"minecraft:iron_golem":3,"minecraft:sheep":8,"minecraft:horse":1,"minecraft:skeleton":1,"minecraft:zombie":5,"minecraft:chicken":1,"minecraft:villager":15,"minecraft:cow":3}},"DataVersion":3465}