{"stats":{"minecraft:custom":{"minecraft:jump":400,"minecraft:time_since_rest":44115,"minecraft:crouch_one_cm":303,"minecraft:leave_game":7,"minecraft:play_time":44115,"minecraft:sprint_one_cm":35592,"minecraft:time_since_death":44115,"minecraft:walk_on_water_one_cm":1859,"minecraft:walk_one_cm":26782,"minecraft:total_world_time":44115,"minecraft:sneak_time":1087,"minecraft:walk_under_water_one_cm":610,"minecraft:swim_one_cm":761,"minecraft:drop":2,"minecraft:fly_one_cm":743695},"minecraft:dropped":{"minecraft:rotten_flesh":1,"minecraft:piston":1},"minecraft:used":{"minecraft:rotten_flesh":5,"minecraft:spruce_log":11},"minecraft:picked_up":{"minecraft:rotten_flesh":1,"minecraft:piston":1}},"DataVersion":3465}