{"stats":{"minecraft:picked_up":{"minecraft:pink_petals":9,"minecraft:wheat_seeds":2,"minecraft:cherry_log":5,"minecraft:dirt":4,"minecraft:string":2},"minecraft:custom":{"minecraft:time_since_rest":14796,"minecraft:play_time":19044,"minecraft:sprint_one_cm":40457,"minecraft:walk_one_cm":70087,"minecraft:damage_taken":330,"minecraft:deaths":1,"minecraft:sneak_time":65,"minecraft:walk_under_water_one_cm":9581,"minecraft:mob_kills":1,"minecraft:jump":473,"minecraft:damage_dealt":160,"minecraft:leave_game":1,"minecraft:walk_on_water_one_cm":4900,"minecraft:time_since_death":14766,"minecraft:total_world_time":19044,"minecraft:fall_one_cm":16767,"minecraft:fly_one_cm":72146},"minecraft:used":{"minecraft:pink_petals":3,"minecraft:dirt":3},"minecraft:crafted":{"minecraft:cherry_planks":12},"minecraft:mined":{"minecraft:pink_petals":1,"minecraft:grass":1,"minecraft:grass_block":1,"minecraft:dirt":3,"minecraft:tall_grass":3,"minecraft:cherry_log":4},"minecraft:killed":{"minecraft:spider":1}},"DataVersion":3465}