{"stats":{"minecraft:dropped":{"minecraft:lava_bucket":1,"twilightforest:ice_sword":1,"minecraft:water_bucket":2,"minecraft:iron_ingot":6,"minecraft:dirt":19,"wom:agony":1,"minecraft:piston":3,"simplyswords:empowered_remnant":1,"hpm:smallhull":2,"minecraft:mutton":1,"wom:herrscher":2,"wom:satsujin":5,"wom:antitheus":1,"minecraft:rotten_flesh":1,"simplyswords:brimstone_claymore":1,"simplyswords:netherite_scythe":1,"minecraft:white_wool":4,"hpm:cannonball":1,"minecraft:bone":1,"wom:diamond_staff":1},"minecraft:used":{"minecraft:lava_bucket":2,"wom:herrscher":7,"wom:netherite_chains":1,"wom:diamond_staff":25,"minecraft:rotten_flesh":5,"wom:antitheus":11,"minecraft:anvil":3,"wom:satsujin":75,"minecraft:spruce_log":11,"wom:agony":2,"minecraft:cooked_mutton":2},"minecraft:custom":{"minecraft:sprint_one_cm":205962,"minecraft:damage_taken":280,"minecraft:walk_one_cm":490191,"minecraft:mob_kills":56,"minecraft:interact_with_anvil":2,"minecraft:drop":31,"minecraft:damage_dealt":6481,"minecraft:interact_with_beacon":1,"minecraft:swim_one_cm":13992,"minecraft:damage_dealt_absorbed":1105,"minecraft:fly_one_cm":2136319,"minecraft:talked_to_villager":14,"minecraft:open_chest":1,"minecraft:play_time":119863,"minecraft:crouch_one_cm":15448,"minecraft:deaths":1,"minecraft:sneak_time":4081,"minecraft:walk_under_water_one_cm":19649,"minecraft:jump":780,"minecraft:leave_game":14,"minecraft:climb_one_cm":191,"minecraft:time_since_death":68918,"minecraft:walk_on_water_one_cm":16707,"minecraft:waystone_activated":1,"minecraft:total_world_time":119863,"minecraft:time_since_rest":68935},"minecraft:picked_up":{"wom:herrscher":1,"minecraft:feather":1,"minecraft:cooked_porkchop":7,"minecraft:water_bucket":2,"minecraft:leather":1,"minecraft:cooked_rabbit":1,"minecraft:porkchop":2,"minecraft:pointed_dripstone":2,"minecraft:spider_eye":5,"minecraft:dirt":38,"minecraft:string":9,"minecraft:cooked_mutton":4,"minecraft:bone":1,"minecraft:arrow":2,"minecraft:rotten_flesh":4,"minecraft:iron_ingot":11,"minecraft:bone_meal":1,"minecraft:poppy":2,"minecraft:mutton":6,"minecraft:piston":2,"wom:satsujin":4,"minecraft:white_wool":11},"minecraft:killed":{"minecraft:cat":2,"minecraft:horse":1,"minecraft:skeleton":1,"minecraft:zombie":5,"minecraft:pig":7,"minecraft:chicken":1,"minecraft:rabbit":1,"minecraft:spider":7,"minecraft:iron_golem":2,"minecraft:villager":15,"minecraft:cow":3,"minecraft:sheep":8}},"DataVersion":3465}