{"stats":{"minecraft:dropped":{"minecraft:rotten_flesh":1,"minecraft:piston":1},"minecraft:picked_up":{"minecraft:rotten_flesh":1,"minecraft:piston":1},"minecraft:custom":{"minecraft:jump":393,"minecraft:time_since_rest":41108,"minecraft:crouch_one_cm":303,"minecraft:leave_game":4,"minecraft:play_time":41108,"minecraft:sprint_one_cm":35592,"minecraft:time_since_death":41108,"minecraft:walk_on_water_one_cm":1859,"minecraft:walk_one_cm":25919,"minecraft:total_world_time":41108,"minecraft:sneak_time":1080,"minecraft:walk_under_water_one_cm":610,"minecraft:swim_one_cm":761,"minecraft:drop":2,"minecraft:fly_one_cm":730060},"minecraft:used":{"minecraft:rotten_flesh":5,"minecraft:spruce_log":11}},"DataVersion":3465}