{"stats":{"minecraft:custom":{"minecraft:time_since_rest":48958,"minecraft:sprint_one_cm":45997,"minecraft:walk_one_cm":177232,"minecraft:mob_kills":15,"minecraft:drop":9,"twilightforest:blocks_crumbled":202,"minecraft:damage_dealt":2046,"minecraft:interact_with_beacon":2,"minecraft:damage_dealt_absorbed":32,"minecraft:fly_one_cm":830772,"minecraft:crouch_one_cm":637,"minecraft:play_time":48958,"minecraft:sneak_time":885,"minecraft:walk_under_water_one_cm":6103,"minecraft:jump":164,"minecraft:leave_game":6,"minecraft:walk_on_water_one_cm":2556,"minecraft:time_since_death":48958,"minecraft:total_world_time":48958},"minecraft:picked_up":{"wom:agony":1,"minecraft:cooked_beef":4,"minecraft:cooked_porkchop":2,"twilightforest:ice_sword":1,"minecraft:gravel":1,"minecraft:lava_bucket":1,"minecraft:gunpowder":2,"minecraft:string":2,"minecraft:dirt":8,"minecraft:iron_ingot":5,"minecraft:beef":4,"minecraft:light_gray_wool":1,"minecraft:oak_sapling":1,"minecraft:mutton":4,"minecraft:white_wool":3},"minecraft:used":{"wom:agony":11,"twilightforest:fiery_sword":18,"twilightforest:seeker_bow":4,"twilightforest:ender_bow":16,"wom:netherite_staff":7,"twilightforest:triple_bow":2,"twilightforest:fiery_leggings":1,"twilightforest:ice_sword":1,"twilightforest:giant_sword":2,"twilightforest:fiery_boots":1,"minecraft:cooked_porkchop":1,"minecraft:cooked_beef":1,"twilightforest:crumble_horn":202},"minecraft:dropped":{"minecraft:iron_ingot":4,"minecraft:cooked_beef":2,"minecraft:oak_sapling":1,"twilightforest:giant_pickaxe":1,"minecraft:white_wool":2},"minecraft:mined":{"minecraft:gravel":4,"minecraft:dirt":72},"minecraft:killed":{"minecraft:sheep":3,"minecraft:zombie":1,"minecraft:spider":2,"minecraft:iron_golem":1,"minecraft:cow":2}},"DataVersion":3465}