{"stats":{"minecraft:picked_up":{"minecraft:pink_petals":25,"minecraft:cherry_log":7,"minecraft:dirt":8},"minecraft:custom":{"minecraft:time_since_rest":6664,"minecraft:crouch_one_cm":1293,"minecraft:sprint_one_cm":45892,"minecraft:play_time":8713,"minecraft:damage_taken":300,"minecraft:deaths":1,"minecraft:walk_one_cm":31588,"minecraft:sneak_time":296,"minecraft:jump":140,"minecraft:damage_dealt":102,"minecraft:leave_game":2,"minecraft:time_since_death":6624,"minecraft:total_world_time":8713,"minecraft:fall_one_cm":3762,"minecraft:fly_one_cm":11913},"minecraft:used":{"minecraft:pink_petals":12},"minecraft:mined":{"minecraft:pink_petals":16,"minecraft:grass":16,"minecraft:grass_block":6,"minecraft:sunflower":2,"minecraft:dirt":2,"minecraft:tall_grass":3,"minecraft:cherry_log":9},"minecraft:killed_by":{"minecraft:zombie":1}},"DataVersion":3465}