{"stats":{"minecraft:mined":{"minecraft:dark_oak_planks":2,"minecraft:yellow_terracotta":1,"valhelsia_structures:light_gray_sleeping_bag":1,"minecraft:spruce_planks":3,"minecraft:mossy_cobblestone":3,"minecraft:dark_oak_leaves":1,"minecraft:stripped_birch_log":2,"regions_unexplored:magnolia_log":20,"minecraft:budding_amethyst":1,"gravestone:gravestone":2,"minecraft:ladder":1,"minecraft:granite":1,"minecraft:grass_block":155,"minecraft:spruce_fence":6,"regions_unexplored:poppy_bush":4,"valhelsia_structures:gray_sleeping_bag":3,"minecraft:orange_candle":1,"minecraft:coal_block":10,"ecologics:coconut_log":25,"minecraft:spruce_leaves":1,"minecraft:sandstone":2,"minecraft:chiseled_stone_bricks":1,"minecraft:spawner":2,"valhelsia_structures:brown_sleeping_bag":1,"minecraft:hay_block":36,"minecraft:raw_iron_block":4,"minecraft:mossy_cobblestone_slab":1,"minecraft:glowstone":1,"minecraft:iron_ore":1,"minecraft:barrel":2,"minecraft:dark_oak_stairs":2,"minecraft:flowering_azalea_leaves":2,"minecraft:bookshelf":35,"minecraft:dirt_path":2,"minecraft:oak_stairs":5,"minecraft:cobblestone_slab":11,"minecraft:vine":2,"regions_unexplored:medium_grass":3,"minecraft:azalea_leaves":3,"regions_unexplored:orange_maple_leaf_pile":1,"minecraft:stone":269,"minecraft:spruce_slab":2,"minecraft:oak_slab":1,"minecraft:birch_stairs":5,"valhelsia_structures:explorers_tent":1,"minecraft:glass_pane":2,"minecraft:deepslate_brick_wall":1,"minecraft:smoker":3,"minecraft:brick_wall":2,"minecraft:amethyst_cluster":1,"minecraft:stone_brick_slab":2,"minecraft:torch":1,"minecraft:oak_fence":6,"minecraft:crafting_table":15,"minecraft:oak_wood":22,"minecraft:calcite":6,"minecraft:polished_andesite_stairs":2,"minecraft:chest":3,"minecraft:rose_bush":1,"minecraft:campfire":2,"minecraft:mushroom_stem":11,"minecraft:stone_slab":4,"minecraft:cobblestone":20,"minecraft:oak_planks":13,"minecraft:bricks":1,"minecraft:diorite":4,"minecraft:wall_torch":1,"minecraft:spruce_stairs":2,"minecraft:gray_wool":40,"minecraft:birch_planks":11,"minecraft:sweet_berry_bush":4,"minecraft:spruce_log":33,"minecraft:gray_bed":3,"minecraft:birch_leaves":1,"minecraft:light_gray_wool":80,"regions_unexplored:red_maple_leaf_pile":1,"minecraft:stone_brick_stairs":3,"minecraft:smooth_stone_slab":2,"minecraft:grass":18,"minecraft:oak_log":7,"minecraft:coal_ore":75,"minecraft:cyan_carpet":2,"minecraft:gravel":8,"minecraft:sand":157,"minecraft:dirt":36,"minecraft:cobweb":75,"minecraft:cracked_stone_bricks":7,"minecraft:polished_andesite":2,"minecraft:stone_bricks":15,"minecraft:mossy_stone_bricks":2,"minecraft:oak_leaves":7},"minecraft:broken":{"minecraft:shield":1},"minecraft:dropped":{"wom:diamond_armbracelet":2,"minecraft:golden_horse_armor":1,"minecraft:crafting_table":4,"minecraft:cooked_porkchop":1,"minecraft:cobblestone":1,"minecraft:lead":2,"minecraft:lantern":1,"minecraft:stick":12,"regions_unexplored:red_maple_leaf_pile":1,"minecraft:grass":1,"minecraft:diorite":2,"minecraft:torch":81,"minecraft:wooden_axe":4,"gravestone:obituary":2,"minecraft:white_banner":2,"minecraft:iron_axe":1,"minecraft:sand":1,"minecraft:string":1,"minecraft:birch_stairs":3,"minecraft:stone_brick_slab":6,"minecraft:brick_wall":1,"ecologics:coconut_planks":4,"minecraft:sweet_berries":8,"minecraft:stone_sword":1,"minecraft:smooth_stone_slab":4,"ecologics:coconut_log":7,"minecraft:rotten_flesh":7,"minecraft:oak_planks":3,"minecraft:iron_hoe":1,"minecraft:gunpowder":2,"minecraft:oak_sapling":1,"minecraft:spruce_slab":2,"minecraft:arrow":5,"minecraft:stone_pickaxe":5,"regions_unexplored:orange_maple_leaf_pile":8,"minecraft:oak_leaves":3},"minecraft:picked_up":{"minecraft:wooden_axe":3,"minecraft:charcoal":4,"minecraft:crafting_table":19,"minecraft:wheat":5,"minecraft:ladder":2,"regions_unexplored:magnolia_log":20,"minecraft:oak_stairs":1,"minecraft:diamond_horse_armor":1,"valhelsia_structures:brown_sleeping_bag":3,"gravestone:obituary":1,"regions_unexplored:red_maple_leaf_pile":1,"minecraft:moss_carpet":3,"minecraft:string":64,"minecraft:smooth_stone_slab":4,"regions_unexplored:poppy_bush":4,"minecraft:iron_axe":1,"minecraft:cracked_stone_bricks":3,"minecraft:bucket":1,"minecraft:cobblestone_slab":3,"minecraft:calcite":3,"minecraft:azalea":1,"minecraft:light_gray_wool":74,"minecraft:spruce_slab":4,"valhelsia_structures:light_gray_sleeping_bag":1,"minecraft:coal_block":23,"minecraft:chest":2,"aether:iron_pendant":1,"minecraft:stick":8,"minecraft:raw_iron":1,"minecraft:sandstone":2,"valhelsia_structures:gray_sleeping_bag":3,"minecraft:music_disc_blocks":1,"wom:diamond_armbracelet":1,"minecraft:torch":2,"minecraft:brick_wall":1,"minecraft:spruce_stairs":2,"minecraft:spruce_fence":4,"epicfight:skillbook":3,"minecraft:diorite":4,"minecraft:carrot":1,"minecraft:rotten_flesh":21,"minecraft:beetroot_seeds":4,"aether:chainmail_gloves":1,"minecraft:shears":1,"ecologics:coconut_log":30,"minecraft:hay_block":37,"aether:iron_ring":1,"minecraft:cobblestone":352,"ecologics:coconut_planks":2,"minecraft:smoker":3,"paraglider:spirit_orb":2,"minecraft:birch_planks":6,"minecraft:flint":1,"minecraft:oak_log":4,"minecraft:gunpowder":3,"minecraft:dirt":177,"minecraft:stripped_birch_log":2,"minecraft:lantern":1,"minecraft:white_banner":2,"minecraft:bone":3,"minecraft:stone_bricks":5,"minecraft:wheat_seeds":1,"minecraft:iron_ingot":24,"minecraft:stone_pickaxe":1,"minecraft:mossy_stone_bricks":2,"minecraft:flowering_azalea":1,"minecraft:gray_bed":3,"minecraft:iron_sword":1,"minecraft:oak_planks":3,"minecraft:dark_oak_stairs":2,"regions_unexplored:orange_maple_leaf_pile":12,"minecraft:book":101,"minecraft:oak_slab":1,"minecraft:polished_andesite_stairs":1,"minecraft:sweet_berries":8,"minecraft:stone_brick_slab":8,"minecraft:raw_iron_block":4,"minecraft:birch_stairs":7,"minecraft:sand":152,"minecraft:amethyst_shard":8,"epicfight:uchigatana":1,"minecraft:spruce_sapling":6,"minecraft:mossy_cobblestone":1,"minecraft:orange_candle":3,"minecraft:spruce_log":33,"minecraft:barrel":2,"minecraft:iron_hoe":1,"minecraft:oak_wood":22,"minecraft:pumpkin_seeds":2,"minecraft:sugar":2,"waystones:waystone":5,"minecraft:crossbow":1,"minecraft:grass":1,"minecraft:gray_wool":36,"minecraft:golden_horse_armor":2,"minecraft:oak_sapling":1,"minecraft:coal":79,"minecraft:oak_leaves":3,"minecraft:diamond_pickaxe":2},"minecraft:crafted":{"minecraft:oak_planks":144,"minecraft:raw_iron":45,"aether:iron_ring":1,"minecraft:coal":117,"ecologics:coconut_planks":64,"minecraft:furnace":2,"regions_unexplored:magnolia_wood":3,"minecraft:glass":84,"minecraft:iron_boots":1,"minecraft:iron_axe":2,"minecraft:ladder":3,"minecraft:stone_pickaxe":5,"minecraft:chest":8,"minecraft:stone_hoe":1,"regions_unexplored:magnolia_planks":64,"minecraft:gray_bed":3,"aether:iron_pendant":1,"minecraft:raw_iron_block":1,"minecraft:wheat":330,"minecraft:coal_block":11,"minecraft:crafting_table":6,"minecraft:spruce_planks":16,"travelersbackpack:backpack_tank":6,"minecraft:wooden_pickaxe":1,"minecraft:iron_helmet":1,"minecraft:bread":110,"minecraft:air":0,"minecraft:light_gray_bed":2,"minecraft:oak_boat":2,"minecraft:shield":2,"minecraft:stick":188,"valhelsia_structures:gray_sleeping_bag":1,"minecraft:iron_ingot":37,"minecraft:iron_pickaxe":3,"minecraft:wooden_axe":2,"minecraft:stone_sword":1,"minecraft:iron_shovel":1,"minecraft:iron_leggings":1,"regions_unexplored:magnolia_boat":1,"minecraft:torch":332},"minecraft:used":{"minecraft:stone_sword":9,"minecraft:iron_shovel":319,"minecraft:ladder":2,"minecraft:chest":9,"minecraft:shield":48,"minecraft:iron_sword":244,"valhelsia_structures:light_gray_sleeping_bag":1,"minecraft:stone_hoe":33,"simpletomb:grave_key":1,"minecraft:torch":157,"minecraft:dirt":170,"minecraft:orange_candle":3,"minecraft:milk_bucket":1,"minecraft:wooden_axe":54,"minecraft:lava_bucket":2,"minecraft:iron_axe":204,"minecraft:furnace":2,"minecraft:gray_bed":6,"minecraft:light_gray_bed":2,"minecraft:dark_oak_stairs":2,"minecraft:water_bucket":6,"epicfight:skillbook":8,"minecraft:stone_pickaxe":159,"minecraft:oak_planks":15,"minecraft:wooden_pickaxe":55,"minecraft:sandstone":2,"valhelsia_structures:gray_sleeping_bag":4,"minecraft:golden_apple":1,"minecraft:sand":5,"minecraft:crafting_table":18,"minecraft:shears":122,"waystones:waystone":5,"minecraft:bread":64,"minecraft:iron_pickaxe":312,"valhelsia_structures:brown_sleeping_bag":3,"minecraft:cobblestone":272,"minecraft:cooked_porkchop":2,"minecraft:bucket":8,"minecraft:pumpkin_pie":2,"minecraft:oak_boat":2,"epicfight:uchigatana":60},"minecraft:custom":{"minecraft:mob_kills":72,"minecraft:interact_with_crafting_table":66,"minecraft:open_barrel":64,"minecraft:damage_dealt_resisted":290,"minecraft:eat_cake_slice":5,"minecraft:leave_game":8,"minecraft:time_since_death":185058,"minecraft:climb_one_cm":21676,"minecraft:sprint_one_cm":853486,"minecraft:walk_one_cm":2469644,"minecraft:damage_blocked_by_shield":2920,"minecraft:drop":58,"minecraft:talked_to_villager":1,"minecraft:play_time":348769,"minecraft:sneak_time":10194,"minecraft:deaths":2,"minecraft:walk_under_water_one_cm":37483,"minecraft:boat_one_cm":83423,"minecraft:jump":3433,"minecraft:walk_on_water_one_cm":47924,"minecraft:total_world_time":348769,"minecraft:interact_with_furnace":27,"minecraft:tune_noteblock":12,"minecraft:sleep_in_bed":22,"minecraft:time_since_rest":43792,"minecraft:waystone_activated":9,"minecraft:damage_taken":3013,"minecraft:damage_absorbed":40,"minecraft:damage_dealt":14456,"minecraft:swim_one_cm":64539,"minecraft:fly_one_cm":420387,"minecraft:open_chest":110,"minecraft:crouch_one_cm":65733,"minecraft:interact_with_smoker":1,"minecraft:fall_one_cm":48344},"minecraft:killed_by":{"minecraft:zombie":1},"minecraft:killed":{"guardvillagers:guard":1,"minecraft:witch":3,"alexsmobs:seagull":2,"minecraft:skeleton":11,"naturalist:snail":1,"ecologics:coconut_crab":1,"spawn:ant":2,"minecraft:husk":3,"minecraft:pillager":12,"minecraft:zombie":36}},"DataVersion":3465}