{"stats":{"minecraft:custom":{"minecraft:jump":127,"minecraft:time_since_rest":21693,"minecraft:walk_on_water_one_cm":681,"minecraft:crouch_one_cm":1778,"minecraft:leave_game":2,"minecraft:play_time":21693,"minecraft:sprint_one_cm":515,"minecraft:time_since_death":21693,"minecraft:walk_one_cm":23388,"minecraft:interact_with_beacon":12,"minecraft:sneak_time":781,"minecraft:total_world_time":21693,"minecraft:walk_under_water_one_cm":4770,"minecraft:fly_one_cm":167608},"minecraft:used":{"minecraft:jungle_wood":18,"minecraft:enchanted_golden_apple":3,"minecraft:beacon":32}},"DataVersion":3465}