{"stats":{"minecraft:used":{"minecraft:stone_sword":9,"minecraft:iron_shovel":167,"minecraft:ladder":2,"minecraft:chest":1,"minecraft:iron_sword":22,"minecraft:stone_hoe":33,"valhelsia_structures:light_gray_sleeping_bag":1,"minecraft:torch":27,"minecraft:dirt":169,"minecraft:wooden_axe":54,"minecraft:iron_axe":7,"minecraft:furnace":2,"minecraft:gray_bed":3,"minecraft:water_bucket":3,"epicfight:skillbook":2,"minecraft:stone_pickaxe":159,"minecraft:oak_planks":15,"minecraft:wooden_pickaxe":55,"minecraft:sandstone":2,"valhelsia_structures:gray_sleeping_bag":3,"minecraft:golden_apple":1,"minecraft:sand":5,"minecraft:crafting_table":11,"waystones:waystone":4,"minecraft:bread":22,"minecraft:iron_pickaxe":52,"minecraft:cobblestone":123,"minecraft:cooked_porkchop":2,"minecraft:bucket":4,"minecraft:oak_boat":2,"epicfight:uchigatana":60},"minecraft:crafted":{"minecraft:oak_planks":88,"minecraft:raw_iron":45,"aether:iron_ring":1,"minecraft:furnace":2,"regions_unexplored:magnolia_wood":3,"minecraft:iron_boots":1,"minecraft:iron_axe":2,"minecraft:ladder":3,"minecraft:stone_pickaxe":5,"minecraft:stone_hoe":1,"regions_unexplored:magnolia_planks":64,"aether:iron_pendant":1,"minecraft:raw_iron_block":1,"minecraft:wheat":294,"minecraft:coal_block":4,"minecraft:crafting_table":6,"minecraft:wooden_pickaxe":1,"minecraft:iron_helmet":1,"minecraft:bread":97,"minecraft:air":0,"minecraft:oak_boat":2,"minecraft:shield":1,"minecraft:stick":52,"minecraft:iron_ingot":37,"minecraft:iron_pickaxe":3,"minecraft:wooden_axe":2,"minecraft:stone_sword":1,"minecraft:iron_leggings":1,"regions_unexplored:magnolia_boat":1,"minecraft:torch":48},"minecraft:dropped":{"minecraft:golden_horse_armor":1,"minecraft:crafting_table":1,"minecraft:cooked_porkchop":1,"minecraft:cobblestone":1,"minecraft:lead":2,"minecraft:stick":8,"regions_unexplored:red_maple_leaf_pile":1,"minecraft:diorite":2,"minecraft:wooden_axe":4,"gravestone:obituary":1,"minecraft:sand":1,"minecraft:birch_stairs":3,"minecraft:stone_brick_slab":6,"minecraft:stone_sword":1,"minecraft:rotten_flesh":7,"minecraft:iron_hoe":1,"minecraft:oak_sapling":1,"minecraft:spruce_slab":2,"minecraft:arrow":5,"minecraft:stone_pickaxe":5,"regions_unexplored:orange_maple_leaf_pile":8},"minecraft:killed":{"guardvillagers:guard":1,"naturalist:snail":1,"spawn:ant":1,"minecraft:pillager":3,"minecraft:zombie":12},"minecraft:custom":{"minecraft:mob_kills":18,"minecraft:interact_with_crafting_table":28,"minecraft:open_barrel":17,"minecraft:leave_game":2,"minecraft:time_since_death":10913,"minecraft:climb_one_cm":8580,"minecraft:sprint_one_cm":430220,"minecraft:walk_one_cm":987524,"minecraft:drop":34,"minecraft:talked_to_villager":1,"minecraft:play_time":148910,"minecraft:deaths":1,"minecraft:sneak_time":8511,"minecraft:walk_under_water_one_cm":10016,"minecraft:boat_one_cm":83423,"minecraft:jump":1702,"minecraft:walk_on_water_one_cm":11645,"minecraft:total_world_time":148910,"minecraft:interact_with_furnace":14,"minecraft:sleep_in_bed":11,"minecraft:time_since_rest":10976,"minecraft:waystone_activated":6,"minecraft:damage_taken":1037,"minecraft:damage_absorbed":40,"minecraft:damage_dealt":3263,"minecraft:swim_one_cm":15477,"minecraft:fly_one_cm":222357,"minecraft:open_chest":37,"minecraft:crouch_one_cm":52913,"minecraft:fall_one_cm":24421},"minecraft:mined":{"minecraft:yellow_terracotta":1,"valhelsia_structures:light_gray_sleeping_bag":1,"minecraft:spruce_planks":1,"regions_unexplored:magnolia_log":20,"minecraft:stripped_birch_log":1,"gravestone:gravestone":1,"minecraft:ladder":1,"minecraft:granite":1,"minecraft:grass_block":150,"minecraft:spruce_fence":1,"regions_unexplored:poppy_bush":4,"valhelsia_structures:gray_sleeping_bag":3,"minecraft:coal_block":10,"minecraft:sandstone":2,"minecraft:hay_block":33,"minecraft:raw_iron_block":4,"minecraft:iron_ore":1,"minecraft:barrel":2,"minecraft:cobblestone_slab":1,"minecraft:vine":2,"regions_unexplored:medium_grass":3,"regions_unexplored:orange_maple_leaf_pile":1,"minecraft:stone":122,"minecraft:spruce_slab":2,"minecraft:birch_stairs":1,"valhelsia_structures:explorers_tent":1,"minecraft:stone_brick_slab":2,"minecraft:crafting_table":9,"minecraft:oak_wood":22,"minecraft:calcite":3,"minecraft:polished_andesite_stairs":1,"minecraft:chest":2,"minecraft:campfire":2,"minecraft:mushroom_stem":11,"minecraft:cobblestone":5,"minecraft:diorite":4,"minecraft:gray_bed":3,"regions_unexplored:red_maple_leaf_pile":1,"minecraft:stone_brick_stairs":3,"minecraft:grass":13,"minecraft:coal_ore":46,"minecraft:sand":5,"minecraft:gravel":8,"minecraft:dirt":30,"minecraft:cracked_stone_bricks":4,"minecraft:polished_andesite":2,"minecraft:stone_bricks":5,"minecraft:mossy_stone_bricks":2,"minecraft:oak_leaves":1},"minecraft:killed_by":{"minecraft:zombie":1},"minecraft:picked_up":{"minecraft:wooden_axe":3,"minecraft:charcoal":4,"minecraft:crafting_table":10,"minecraft:wheat":4,"minecraft:ladder":2,"regions_unexplored:magnolia_log":20,"valhelsia_structures:brown_sleeping_bag":1,"regions_unexplored:red_maple_leaf_pile":1,"regions_unexplored:poppy_bush":4,"minecraft:calcite":1,"minecraft:spruce_slab":4,"valhelsia_structures:light_gray_sleeping_bag":1,"minecraft:chest":1,"minecraft:coal_block":10,"aether:iron_pendant":1,"minecraft:stick":8,"minecraft:raw_iron":1,"minecraft:sandstone":2,"valhelsia_structures:gray_sleeping_bag":3,"minecraft:music_disc_blocks":1,"minecraft:spruce_fence":1,"epicfight:skillbook":2,"minecraft:diorite":4,"minecraft:carrot":1,"minecraft:rotten_flesh":16,"minecraft:beetroot_seeds":4,"aether:chainmail_gloves":1,"minecraft:hay_block":33,"aether:iron_ring":1,"minecraft:cobblestone":195,"minecraft:flint":1,"minecraft:gunpowder":1,"minecraft:dirt":169,"minecraft:stripped_birch_log":1,"minecraft:bone":3,"minecraft:stone_bricks":1,"minecraft:stone_pickaxe":1,"minecraft:mossy_stone_bricks":2,"minecraft:gray_bed":3,"minecraft:iron_sword":1,"regions_unexplored:orange_maple_leaf_pile":12,"minecraft:stone_brick_slab":8,"minecraft:raw_iron_block":4,"minecraft:birch_stairs":3,"minecraft:sand":6,"epicfight:uchigatana":1,"minecraft:barrel":2,"minecraft:oak_wood":22,"minecraft:pumpkin_seeds":2,"waystones:waystone":5,"minecraft:golden_horse_armor":2,"minecraft:oak_sapling":1,"minecraft:coal":50,"minecraft:diamond_pickaxe":2}},"DataVersion":3465}