{
  "minecraft:recipes/building_blocks/jungle_planks": {
    "criteria": {
      "has_logs": "2024-05-19 03:10:09 +0000"
    },
    "done": true
  },
  "minecraft:recipes/misc/charcoal": {
    "criteria": {
      "has_log": "2024-05-19 03:10:09 +0000"
    },
    "done": true
  },
  "minecraft:recipes/decorations/crafting_table": {
    "criteria": {
      "unlock_right_away": "2024-05-19 03:09:41 +0000"
    },
    "done": true
  },
  "minecraft:adventure/adventuring_time": {
    "criteria": {
      "minecraft:river": "2024-05-19 03:12:25 +0000",
      "minecraft:forest": "2024-05-19 03:09:42 +0000",
      "minecraft:plains": "2024-05-19 03:12:28 +0000"
    },
    "done": false
  },
  "DataVersion": 3465
}