{
  "minecraft:recipes/decorations/crafting_table": {
    "criteria": {
      "unlock_right_away": "2024-05-19 01:18:19 +0000"
    },
    "done": true
  },
  "minecraft:adventure/adventuring_time": {
    "criteria": {
      "minecraft:snowy_slopes": "2024-05-19 01:24:21 +0000",
      "minecraft:cherry_grove": "2024-05-19 01:18:20 +0000",
      "minecraft:sunflower_plains": "2024-05-19 01:24:34 +0000",
      "minecraft:stony_shore": "2024-05-19 01:26:06 +0000",
      "minecraft:plains": "2024-05-19 01:23:43 +0000"
    },
    "done": false
  },
  "minecraft:recipes/misc/pink_dye_from_pink_petals": {
    "criteria": {
      "has_pink_petals": "2024-05-19 01:18:48 +0000"
    },
    "done": true
  },
  "minecraft:adventure/root": {
    "criteria": {
      "killed_by_something": "2024-05-19 01:20:02 +0000"
    },
    "done": true
  },
  "minecraft:recipes/misc/charcoal": {
    "criteria": {
      "has_log": "2024-05-19 01:20:15 +0000"
    },
    "done": true
  },
  "minecraft:recipes/building_blocks/cherry_planks": {
    "criteria": {
      "has_log": "2024-05-19 01:20:15 +0000"
    },
    "done": true
  },
  "minecraft:recipes/building_blocks/cherry_wood": {
    "criteria": {
      "has_log": "2024-05-19 01:20:15 +0000"
    },
    "done": true
  },
  "DataVersion": 3465
}